{
  "afghanistan": "阿富汗",
  "albania": "阿爾巴尼亞",
  "algeria": "阿爾及利亞",
  "andorra": "安道爾",
  "angola": "安哥拉",
  "antigua-and-barbuda": "安提瓜和巴布達",
  "argentina": "阿根廷",
  "armenia": "亞美尼亞",
  "austria": "奧地利",
  "azerbaijan": "阿塞拜疆",
  "bahrain": "巴林",
  "bangladesh": "孟加拉國",
  "barbados": "巴巴多斯",
  "belarus": "白俄羅斯",
  "belgium": "比利時",
  "belize": "伯利茲",
  "benin": "貝寧",
  "bhutan": "不丹",
  "bolivia": "玻利維亞",
  "bosnia-and-herzegovina": "波黑",
  "botswana": "博茨瓦納",
  "brazil": "巴西",
  "brunei": "文萊",
  "bulgaria": "保加利亞",
  "burkina-faso": "布基納法索",
  "burundi": "布隆迪",
  "cabo-verde": "佛得角",
  "cambodia": "柬埔寨",
  "cameroon": "喀麥隆",
  "canada": "加拿大",
  "catalonia": "加泰隆尼亞",
  "central-african-republic": "中非共和國",
  "chad": "乍得",
  "channel-islands": "根西島",
  "chile": "智利",
  "china": "中國",
  "colombia": "哥倫比亞",
  "comoros": "科摩羅",
  "congo": "剛果",
  "costa-rica": "哥斯達黎加",
  "cote-d-ivoire": "科特迪瓦",
  "croatia": "克羅地亞",
  "cuba": "古巴",
  "cyprus": "塞浦路斯",
  "czech-republic": "捷克",
  "denmark": "丹麥",
  "djibouti": "吉布提",
  "dominica": "多米尼加",
  "dominican-republic": "多米尼加共和國",
  "dr-congo": "剛果民主共和國",
  "ecuador": "厄瓜多爾",
  "egypt": "埃及",
  "el-salvador": "薩爾瓦多",
  "equatorial-guinea": "赤道幾內亞",
  "eritrea": "厄立特里亞",
  "estonia": "愛沙尼亞",
  "eswatini": "斯威士蘭",
  "ethiopia": "埃塞俄比亞",
  "faeroe-islands": "法羅群島",
  "finland": "芬蘭",
  "france": "法國",
  "french-guiana": "法屬圭亞那",
  "gabon": "加蓬",
  "gambia": "岡比亞",
  "georgia": "格魯吉亞",
  "germany": "德國",
  "ghana": "加納",
  "gibraltar": "直布羅陀",
  "greece": "希臘",
  "grenada": "格林納達",
  "guatemala": "瓜地馬拉",
  "guinea": "幾內亞",
  "guinea-bissau": "幾內亞比紹",
  "guyana": "圭亞那",
  "haiti": "海地",
  "holy-see": "教廷",
  "honduras": "洪都拉斯",
  "hong-kong": "香港",
  "hungary": "匈牙利",
  "iceland": "冰島",
  "india": "印度",
  "indonesia": "印度尼西亞",
  "iran": "伊朗",
  "iraq": "伊拉克",
  "ireland": "愛爾蘭",
  "isle-of-man": "馬恩島",
  "israel": "以色列",
  "italy": "義大利",
  "jamaica": "牙買加",
  "japan": "日本",
  "jordan": "約旦",
  "kazakhstan": "哈薩克斯坦",
  "kenya": "肯尼亞",
  "kuwait": "科威特",
  "kyrgyzstan": "吉爾吉斯斯坦",
  "laos": "老撾",
  "latvia": "拉脫維亞",
  "lebanon": "黎巴嫩",
  "lesotho": "萊索托",
  "liberia": "利比里亞",
  "libya": "利比亞",
  "liechtenstein": "列支敦士登",
  "lithuania": "立陶宛",
  "luxembourg": "盧森堡",
  "macao": "澳門",
  "madagascar": "馬達加斯加",
  "malawi": "馬拉維",
  "malaysia": "馬來西亞",
  "maldives": "馬爾代夫",
  "mali": "馬里",
  "malta": "馬耳他",
  "mauritania": "毛里塔尼亞",
  "mauritius": "毛里求斯",
  "mayotte": "馬約特",
  "mexico": "墨西哥",
  "moldova": "摩爾多瓦",
  "monaco": "摩納哥",
  "mongolia": "蒙古",
  "montenegro": "黑山",
  "morocco": "摩洛哥",
  "mozambique": "莫桑比克",
  "myanmar": "緬甸",
  "namibia": "納米比亞",
  "nepal": "尼泊爾",
  "netherlands": "荷蘭",
  "nicaragua": "尼加拉瓜",
  "niger": "尼日爾",
  "nigeria": "尼日利亞",
  "north-korea": "北韓",
  "north-macedonia": "北馬其頓",
  "norway": "挪威",
  "oman": "阿曼",
  "pakistan": "巴基斯坦",
  "panama": "巴拿馬",
  "paraguay": "巴拉圭",
  "peru": "秘魯",
  "philippines": "菲律賓",
  "poland": "波蘭",
  "portugal": "葡萄牙",
  "qatar": "卡達",
  "reunion": "留尼汪",
  "romania": "羅馬尼亞",
  "russia": "俄羅斯",
  "rwanda": "盧旺達",
  "saint-helena": "聖赫勒拿",
  "saint-kitts-and-nevis": "聖基茨和尼維斯",
  "saint-lucia": "聖盧西亞",
  "saint-vincent-and-the-grenadines": "聖文森特和格林納丁斯",
  "san-marino": "聖馬力諾",
  "sao-tome-and-principe": "聖多美和普林西比",
  "saudi-arabia": "沙烏地阿拉伯",
  "senegal": "塞內加爾",
  "serbia": "塞爾維亞",
  "seychelles": "塞舌爾",
  "sierra-leone": "塞拉利昂",
  "singapore": "新加坡",
  "slovakia": "斯洛伐克",
  "slovenia": "斯洛文尼亞",
  "somalia": "索馬利亞",
  "south-africa": "南非",
  "south-korea": "韓國",
  "south-sudan": "南蘇丹",
  "spain": "西班牙",
  "sri-lanka": "斯里蘭卡",
  "state-of-palestine": "巴勒斯坦",
  "sudan": "蘇丹",
  "suriname": "蘇里南",
  "sweden": "瑞典",
  "switzerland": "瑞士",
  "syria": "敘利亞",
  "taiwan": "台灣",
  "tajikistan": "塔吉克斯坦",
  "tanzania": "坦桑尼亞",
  "thailand": "泰國",
  "the-bahamas": "巴哈馬",
  "timor-leste": "東帝汶",
  "togo": "多哥",
  "trinidad-and-tobago": "特立尼達和多巴哥",
  "tunisia": "突尼斯",
  "turkey": "土耳其",
  "turkmenistan": "土庫曼斯坦",
  "uganda": "烏干達",
  "ukraine": "烏克蘭",
  "united-arab-emirates": "阿拉伯聯合酋長國",
  "united-kingdom": "英國",
  "united-states": "美國",
  "uruguay": "烏拉圭",
  "uzbekistan": "烏茲別克斯坦",
  "venezuela": "委內瑞拉",
  "vietnam": "越南",
  "western-sahara": "西撒哈拉",
  "yemen": "也門",
  "zambia": "贊比亞",
  "zimbabwe": "辛巴威"
}
