{
  "afghanistan": "阿富汗",
  "albania": "阿尔巴尼亚",
  "algeria": "阿尔及利亚",
  "andorra": "安道尔",
  "angola": "安哥拉",
  "antigua-and-barbuda": "安提瓜和巴布达",
  "argentina": "阿根廷",
  "armenia": "亚美尼亚",
  "austria": "奥地利",
  "azerbaijan": "阿塞拜疆",
  "bahrain": "巴林",
  "bangladesh": "孟加拉国",
  "barbados": "巴巴多斯",
  "belarus": "白俄罗斯",
  "belgium": "比利时",
  "belize": "伯利兹",
  "benin": "贝宁",
  "bhutan": "不丹",
  "bolivia": "玻利维亚",
  "bosnia-and-herzegovina": "波黑",
  "botswana": "博茨瓦纳",
  "brazil": "巴西",
  "brunei": "文莱",
  "bulgaria": "保加利亚",
  "burkina-faso": "布基纳法索",
  "burundi": "布隆迪",
  "cabo-verde": "佛得角",
  "cambodia": "柬埔寨",
  "cameroon": "喀麦隆",
  "canada": "加拿大",
  "catalonia": "加泰罗尼亚",
  "central-african-republic": "中非共和国",
  "chad": "乍得",
  "channel-islands": "根西岛",
  "chile": "智利",
  "china": "中国",
  "colombia": "哥伦比亚",
  "comoros": "科摩罗",
  "congo": "刚果",
  "costa-rica": "哥斯达黎加",
  "cote-d-ivoire": "科特迪瓦",
  "croatia": "克罗地亚",
  "cuba": "古巴",
  "cyprus": "塞浦路斯",
  "czech-republic": "捷克",
  "denmark": "丹麦",
  "djibouti": "吉布提",
  "dominica": "多米尼加",
  "dominican-republic": "多米尼加共和国",
  "dr-congo": "刚果民主共和国",
  "ecuador": "厄瓜多尔",
  "egypt": "埃及",
  "el-salvador": "萨尔瓦多",
  "equatorial-guinea": "赤道几内亚",
  "eritrea": "厄立特里亚",
  "estonia": "爱沙尼亚",
  "eswatini": "斯威士兰",
  "ethiopia": "埃塞俄比亞",
  "faeroe-islands": "法羅群島",
  "finland": "芬兰",
  "france": "法国",
  "french-guiana": "法属圭亚那",
  "gabon": "加蓬",
  "gambia": "冈比亚",
  "georgia": "格鲁吉亚",
  "germany": "德国",
  "ghana": "加纳",
  "gibraltar": "直布罗陀",
  "greece": "希腊",
  "grenada": "格林纳达",
  "guatemala": "瓜地马拉",
  "guinea": "几内亚",
  "guinea-bissau": "几内亚比绍",
  "guyana": "圭亚那",
  "haiti": "海地",
  "holy-see": "教廷",
  "honduras": "洪都拉斯",
  "hong-kong": "香港",
  "hungary": "匈牙利",
  "iceland": "冰岛",
  "india": "印度",
  "indonesia": "印度尼西亞",
  "iran": "伊朗",
  "iraq": "伊拉克",
  "ireland": "爱尔兰",
  "isle-of-man": "马恩岛",
  "israel": "以色列",
  "italy": "意大利",
  "jamaica": "牙买加",
  "japan": "日本",
  "jordan": "约旦",
  "kazakhstan": "哈萨克斯坦",
  "kenya": "肯尼亚",
  "kuwait": "科威特",
  "kyrgyzstan": "吉尔吉斯斯坦",
  "laos": "老挝",
  "latvia": "拉脱维亚",
  "lebanon": "黎巴嫩",
  "lesotho": "莱索托",
  "liberia": "利比里亚",
  "libya": "利比亚",
  "liechtenstein": "列支敦士登",
  "lithuania": "立陶宛",
  "luxembourg": "卢森堡",
  "macao": "澳门",
  "madagascar": "马达加斯加",
  "malawi": "马拉维",
  "malaysia": "马来西亚",
  "maldives": "马尔代夫",
  "mali": "马里",
  "malta": "马耳他",
  "mauritania": "毛里塔尼亚",
  "mauritius": "毛里求斯",
  "mayotte": "马约特",
  "mexico": "墨西哥",
  "moldova": "摩尔多瓦",
  "monaco": "摩纳哥",
  "mongolia": "蒙古",
  "montenegro": "黑山",
  "morocco": "摩洛哥",
  "mozambique": "莫桑比克",
  "myanmar": "缅甸",
  "namibia": "纳米比亚",
  "nepal": "尼泊尔",
  "netherlands": "荷兰",
  "nicaragua": "尼加拉瓜",
  "niger": "尼日尔",
  "nigeria": "尼日利亚",
  "north-korea": "北朝鲜",
  "north-macedonia": "北馬其頓",
  "norway": "挪威",
  "oman": "阿曼",
  "pakistan": "巴基斯坦",
  "panama": "巴拿马",
  "paraguay": "巴拉圭",
  "peru": "秘鲁",
  "philippines": "菲律宾",
  "poland": "波兰",
  "portugal": "葡萄牙",
  "qatar": "卡塔尔",
  "reunion": "留尼汪",
  "romania": "罗马尼亚",
  "russia": "俄罗斯",
  "rwanda": "卢旺达",
  "saint-helena": "圣赫勒拿",
  "saint-kitts-and-nevis": "圣基茨和尼维斯",
  "saint-lucia": "圣卢西亚",
  "saint-vincent-and-the-grenadines": "圣文森特和格林纳丁斯",
  "san-marino": "圣马力诺",
  "sao-tome-and-principe": "圣多美和普林西比",
  "saudi-arabia": "沙特阿拉伯",
  "senegal": "塞内加尔",
  "serbia": "塞尔维亚",
  "seychelles": "塞舌尔",
  "sierra-leone": "塞拉利昂",
  "singapore": "新加坡",
  "slovakia": "斯洛伐克",
  "slovenia": "斯洛文尼亚",
  "somalia": "索马里",
  "south-africa": "南非",
  "south-korea": "韩国",
  "south-sudan": "南苏丹",
  "spain": "西班牙",
  "sri-lanka": "斯里兰卡",
  "state-of-palestine": "巴勒斯坦",
  "sudan": "苏丹",
  "suriname": "苏里南",
  "sweden": "瑞典",
  "switzerland": "瑞士",
  "syria": "叙利亚",
  "taiwan": "台湾",
  "tajikistan": "塔吉克斯坦",
  "tanzania": "坦桑尼亚",
  "thailand": "泰国",
  "the-bahamas": "巴哈马",
  "timor-leste": "巴哈马",
  "togo": "多哥",
  "trinidad-and-tobago": "特立尼达和多巴哥",
  "tunisia": "突尼斯",
  "turkey": "土耳其",
  "turkmenistan": "土库曼斯坦",
  "uganda": "乌干达",
  "ukraine": "乌克兰",
  "united-arab-emirates": "阿拉伯联合酋长国",
  "united-kingdom": "英国",
  "united-states": "美国",
  "uruguay": "乌拉圭",
  "uzbekistan": "乌兹别克斯坦",
  "venezuela": "委内瑞拉",
  "vietnam": "越南",
  "western-sahara": "西撒哈拉",
  "yemen": "叶門",
  "zambia": "赞比亚",
  "zimbabwe": "津巴布韦"
}
